{"schemaVersion":"1.0","appDefinitionTemplate":{"id":"/providers/Microsoft.PowerApps/apps/","type":"Microsoft.PowerApps/apps","tags":{"primaryDeviceWidth":"1366","primaryDeviceHeight":"768","supportsPortrait":"true","supportsLandscape":"true","primaryFormFactor":"Tablet","showStatusBar":"false","publisherVersion":"3.24095.15","minimumRequiredApiVersion":"2.2.0","hasComponent":"false","hasUnlockedComponent":"false","isUnifiedRootApp":"false","sienaVersion":"20241013T132658Z-3.24095.15.0"},"properties":{"appVersion":"2024-10-13T13:26:58Z","lifeCycleId":"Published","createdByClientVersion":{"major":3,"minor":24095,"build":15,"revision":0,"majorRevision":0,"minorRevision":0},"minClientVersion":{"major":3,"minor":24095,"build":15,"revision":0,"majorRevision":0,"minorRevision":0},"backgroundColor":"RGBA(0,176,240,1)","backgroundImageUri":"/16301481854418446344/Nb28af611-1ffb-40c0-8520-4db59bb2d4fd-logoSmallFile","displayName":"Slider Effect App","description":"","commitMessage":"","appUris":{"documentUri":{"value":"/16301481854418446344/N90c78485-59be-4289-a502-6cba02dac30e-document.msapp"},"imageUris":[],"additionalUris":[{"isSolutionAware":false,"value":"/16301481854418446344/Nf77714bd-ef33-496a-af2c-1ceb83b4a8a1-identity.json"}]},"createdTime":"0001-01-01T00:00:00Z","lastModifiedTime":"0001-01-01T00:00:00Z","sharedGroupsCount":0,"sharedUsersCount":0,"connectionReferences":{},"databaseReferences":{},"almMode":"Environment","performanceOptimizationEnabled":false,"canConsumeAppPass":false,"enableModernRuntimeMode":false,"executionRestrictions":{"isTeamsOnly":false,"dataLossPreventionEvaluationResult":{"status":"Compliant","lastEvaluationDate":"2024-10-13T08:13:25.5444097Z","violations":[],"violationsByPolicy":[],"violationErrorMessage":"The app uses the following connectors: ."}}},"appType":"ClassicCanvasApp","appComponents":[]}}